Sensor,Occupancy,Iteration,TimeStamp,accX,accY,accZ,gyrX,gyrY,gyrZ,magX,magY,magZ,Temp,x,Occu,Count
0,calibrating,0,5/8/16 15:22,2,55,61,-8,107,-93,-262,-1646,-1650,27.1,1,1,130
0,calibrating,1,5/8/16 15:22,3,55,61,-7,78,-74,-250,-1631,-1665,27.1,2,1,376
0,calibrating,2,5/8/16 15:22,2,55,61,31,102,-59,-252,-1626,-1645,27.1,3,1,329
0,calibrating,3,5/8/16 15:22,0,55,59,51,148,-65,-246,-1628,-1650,27.1,4,1,
0,calibrating,4,5/8/16 15:22,2,54,60,471,-257,-363,-245,-1619,-1649,27.1,5,1,
0,calibrating,5,5/8/16 15:22,2,56,60,13,135,-39,-246,-1609,-1648,27.1,6,1,
0,calibrating,6,5/8/16 15:22,3,55,61,14,109,-61,-245,-1608,-1658,27,7,1,
0,calibrating,7,5/8/16 15:22,2,55,61,-34,125,-75,-246,-1607,-1644,27,8,1,
0,calibrating,8,5/8/16 15:22,3,55,61,16,61,-73,-250,-1603,-1645,27,9,1,
0,calibrating,9,5/8/16 15:22,3,56,61,15,132,-59,-246,-1595,-1639,27,10,1,
0,calibrating,10,5/8/16 15:22,3,56,61,-6,103,-86,-236,-1607,-1635,27,11,1,
0,calibrating,11,5/8/16 15:22,3,55,62,22,107,-77,-244,-1602,-1651,27,12,1,
0,calibrating,12,5/8/16 15:22,2,55,60,28,115,-46,-243,-1587,-1650,27,13,1,
0,calibrating,13,5/8/16 15:22,3,55,61,9,108,-32,-235,-1609,-1654,27,14,1,
0,calibrating,14,5/8/16 15:22,2,55,60,22,74,-87,-234,-1597,-1653,27,15,1,
0,calibrating,15,5/8/16 15:22,3,56,61,-4,77,-102,-247,-1596,-1650,27,16,1,
0,calibrating,16,5/8/16 15:23,3,55,60,89,84,-99,-248,-1598,-1652,26.9,17,1,
0,calibrating,17,5/8/16 15:23,2,55,61,5,77,5,-237,-1595,-1645,26.9,18,1,
0,calibrating,18,5/8/16 15:23,3,55,60,-5,104,-67,-242,-1593,-1649,26.9,19,1,
0,empty,19,5/8/16 15:23,3,55,61,0,86,-68,-246,-1594,-1649,26.9,20,0,
0,empty,20,5/8/16 15:23,2,55,61,25,99,-76,-246,-1612,-1654,26.9,21,0,
0,empty,21,5/8/16 15:23,2,54,61,-5,44,-79,-244,-1585,-1666,26.9,22,0,
0,empty,22,5/8/16 15:23,3,55,61,-2,72,-71,-236,-1588,-1660,26.9,23,0,
0,empty,23,5/8/16 15:23,3,56,61,13,79,-77,-236,-1594,-1660,26.9,24,0,
0,empty,24,5/8/16 15:23,3,56,60,18,102,-80,-239,-1590,-1644,26.9,25,0,
0,empty,25,5/8/16 15:23,3,55,61,7,109,-68,-245,-1583,-1662,26.8,26,0,
0,empty,26,5/8/16 15:23,2,56,60,8,54,-92,-242,-1605,-1662,26.8,27,0,
0,empty,27,5/8/16 15:23,3,55,61,15,92,-93,-240,-1591,-1662,26.8,28,0,
0,empty,28,5/8/16 15:23,3,55,61,28,96,-88,-241,-1585,-1658,26.8,29,0,
0,empty,29,5/8/16 15:23,3,56,61,28,67,-109,-242,-1585,-1669,26.8,30,0,
0,empty,30,5/8/16 15:23,3,55,61,-15,84,-74,-241,-1588,-1656,26.8,31,0,
0,empty,31,5/8/16 15:23,3,56,62,28,92,-90,-247,-1587,-1669,26.8,32,0,
0,empty,32,5/8/16 15:23,3,55,61,25,76,-80,-241,-1592,-1661,26.7,33,0,
0,empty,33,5/8/16 15:23,2,56,61,8,76,-67,-255,-1604,-1647,26.7,34,0,
0,empty,34,5/8/16 15:23,3,55,60,28,60,-107,-256,-1595,-1658,26.7,35,0,
0,empty,35,5/8/16 15:23,4,56,60,6,65,-107,-242,-1600,-1646,26.7,36,0,
0,empty,36,5/8/16 15:23,3,54,61,1,109,-82,-241,-1590,-1663,26.7,37,0,
0,empty,37,5/8/16 15:24,3,56,61,92,151,-4,-247,-1593,-1648,26.7,38,0,
0,empty,38,5/8/16 15:24,3,55,61,8,87,-83,-248,-1578,-1655,26.7,39,0,
0,empty,39,5/8/16 15:24,3,54,61,5,64,-125,-249,-1585,-1660,26.6,40,0,
0,empty,40,5/8/16 15:24,2,55,61,33,71,-87,-248,-1582,-1659,26.6,41,0,
0,empty,41,5/8/16 15:24,3,56,60,7,77,-105,-250,-1593,-1645,26.6,42,0,
0,empty,42,5/8/16 15:24,3,55,61,5,73,-85,-235,-1595,-1657,26.6,43,0,
0,empty,43,5/8/16 15:24,3,56,61,17,55,-110,-237,-1589,-1654,26.6,44,0,
0,empty,44,5/8/16 15:24,3,56,61,2,51,-113,-235,-1582,-1666,26.6,45,0,
0,empty,45,5/8/16 15:24,4,56,60,13,48,-115,-234,-1586,-1648,26.6,46,0,
0,empty,46,5/8/16 15:24,2,55,61,3,48,-130,-247,-1589,-1650,26.5,47,0,
0,empty,47,5/8/16 15:24,3,55,61,18,64,-99,-236,-1606,-1651,26.5,48,0,
0,empty,48,5/8/16 15:24,2,55,60,32,58,-119,-244,-1588,-1649,26.5,49,0,
0,empty,49,5/8/16 15:24,3,55,61,23,81,-101,-247,-1582,-1651,26.5,50,0,
0,empty,50,5/8/16 15:24,2,54,60,26,55,-88,-235,-1590,-1644,26.5,51,0,
0,empty,51,5/8/16 15:24,3,55,60,0,37,-144,-237,-1586,-1656,26.5,52,0,
0,empty,52,5/8/16 15:24,3,56,61,7,92,-142,-240,-1589,-1655,26.5,53,0,
0,empty,53,5/8/16 15:24,3,55,61,0,85,-105,-238,-1599,-1652,26.4,54,0,
0,empty,54,5/8/16 15:24,3,55,61,-3,78,-113,-235,-1594,-1659,26.4,55,0,
0,empty,55,5/8/16 15:24,2,56,61,9,71,-87,-245,-1588,-1658,26.4,56,0,
0,empty,56,5/8/16 15:25,2,54,60,22,65,-102,-247,-1586,-1651,26.4,57,0,
0,empty,57,5/8/16 15:25,3,55,61,-2,79,-89,-236,-1592,-1643,26.4,58,0,
0,empty,58,5/8/16 15:25,2,55,61,-5,31,-140,-249,-1589,-1662,26.4,59,0,
0,empty,59,5/8/16 15:25,3,55,60,13,39,-134,-243,-1579,-1662,26.4,60,0,
0,empty,60,5/8/16 15:25,2,55,60,16,74,-98,-249,-1598,-1659,26.4,61,0,
0,empty,61,5/8/16 15:25,3,56,61,19,115,-50,-245,-1591,-1657,26.4,62,0,
0,empty,62,5/8/16 15:25,2,55,60,24,42,-90,-237,-1587,-1673,26.4,63,0,
0,empty,63,5/8/16 15:25,3,55,61,6,71,-103,-246,-1581,-1654,26.4,64,0,
0,empty,64,5/8/16 15:25,2,54,60,7,67,-107,-234,-1574,-1657,26.3,65,0,
0,empty,65,5/8/16 15:25,3,55,60,22,75,-104,-245,-1575,-1652,26.3,66,0,
0,empty,66,5/8/16 15:25,3,56,61,-3,98,-96,-250,-1595,-1650,26.3,67,0,
0,empty,67,5/8/16 15:25,2,54,60,10,63,-99,-242,-1578,-1661,26.3,68,0,
0,empty,68,5/8/16 15:25,2,56,61,14,65,-108,-246,-1581,-1658,26.3,69,0,
0,empty,69,5/8/16 15:25,3,55,61,17,74,-96,-232,-1583,-1674,26.3,70,0,
0,empty,70,5/8/16 15:25,2,56,61,-44,30,-133,-248,-1603,-1658,26.3,71,0,
0,empty,71,5/8/16 15:25,2,55,61,33,38,-97,-251,-1598,-1665,26.3,72,0,
0,empty,72,5/8/16 15:25,3,56,60,-2,79,-102,-247,-1590,-1658,26.2,73,0,
0,empty,73,5/8/16 15:25,3,55,61,0,80,-87,-246,-1579,-1655,26.3,74,0,
0,empty,74,5/8/16 15:25,3,55,60,26,86,-86,-247,-1580,-1649,26.2,75,0,
0,empty,75,5/8/16 15:25,2,56,61,28,64,-80,-252,-1592,-1664,26.2,76,0,
0,empty,76,5/8/16 15:25,3,55,61,14,74,-118,-237,-1582,-1658,26.2,77,0,
0,empty,77,5/8/16 15:26,2,54,60,20,66,-111,-237,-1590,-1648,26.2,78,0,
0,empty,78,5/8/16 15:26,3,55,60,-2,43,-139,-241,-1582,-1650,26.2,79,0,
0,empty,79,5/8/16 15:26,2,55,61,14,33,-130,-240,-1585,-1649,26.2,80,0,
0,empty,80,5/8/16 15:26,4,55,60,9,59,-93,-234,-1593,-1653,26.2,81,0,
0,empty,81,5/8/16 15:26,3,56,61,10,46,-125,-240,-1579,-1654,26.2,82,0,
0,empty,82,5/8/16 15:26,3,55,61,26,43,-120,-233,-1601,-1653,26.2,83,0,
0,empty,83,5/8/16 15:26,2,55,60,-9,66,-118,-245,-1585,-1661,26.2,84,0,
0,empty,84,5/8/16 15:26,3,55,60,7,83,-97,-238,-1592,-1647,26.1,85,0,
0,empty,85,5/8/16 15:26,3,55,61,1,80,-128,-242,-1591,-1645,26.1,86,0,
0,empty,86,5/8/16 15:26,3,56,61,8,79,-106,-240,-1588,-1646,26.1,87,0,
0,empty,87,5/8/16 15:26,3,56,60,15,48,-141,-235,-1591,-1663,26.1,88,0,
0,empty,88,5/8/16 15:26,3,55,60,18,49,-113,-248,-1580,-1655,26.1,89,0,
0,empty,89,5/8/16 15:26,2,55,61,10,28,-134,-246,-1588,-1657,26.1,90,0,
0,empty,90,5/8/16 15:26,3,55,61,9,53,-108,-230,-1593,-1651,26.1,91,0,
0,empty,91,5/8/16 15:26,3,55,60,19,55,-93,-232,-1586,-1664,26.1,92,0,
0,empty,92,5/8/16 15:26,2,54,61,36,45,-149,-262,-1728,-1668,26.1,93,0,
0,uncertain,93,5/8/16 15:26,3,43,69,-2152,304,-275,-85,-1561,-1814,26.1,94,1,
0,empty,94,5/8/16 15:26,4,30,61,1722,300,320,-7,-1523,-1848,26.1,95,0,
0,uncertain,95,5/8/16 15:26,7,41,75,169,-15,-135,1,-1504,-1862,26.1,96,1,
0,uncertain,96,5/8/16 15:26,5,38,73,47,-46,-115,8,-1493,-1864,26.1,97,1,
0,uncertain,97,5/8/16 15:26,5,36,72,15,56,-121,18,-1509,-1882,26.1,98,1,
0,uncertain,98,5/8/16 15:26,5,36,72,31,41,-107,29,-1514,-1875,26.1,99,1,
0,uncertain,99,5/8/16 15:27,5,36,73,24,74,-104,21,-1507,-1882,26.1,100,1,
0,uncertain,100,5/8/16 15:27,6,35,73,-19,104,-133,25,-1509,-1881,26.1,101,1,
0,uncertain,101,5/8/16 15:27,5,35,73,5,89,-102,33,-1508,-1899,26.2,102,1,
0,uncertain,102,5/8/16 15:27,6,35,73,3,83,-142,20,-1509,-1894,26.2,103,1,
0,occupied,103,5/8/16 15:27,5,35,73,17,69,-91,26,-1511,-1875,26.3,104,2,
0,occupied,104,5/8/16 15:27,5,35,73,15,72,-98,29,-1508,-1859,26.3,105,2,
0,occupied,105,5/8/16 15:27,5,35,74,0,60,-115,28,-1501,-1865,26.3,106,2,
0,occupied,106,5/8/16 15:27,6,36,73,10,74,-116,38,-1497,-1866,26.3,107,2,
0,occupied,107,5/8/16 15:27,5,35,73,-155,32,-206,38,-1505,-1882,26.4,108,2,
0,occupied,108,5/8/16 15:27,6,35,73,-2,90,-138,37,-1506,-1878,26.4,109,2,
0,occupied,109,5/8/16 15:27,6,35,73,-33,96,-136,18,-1499,-1868,26.4,110,2,
0,occupied,110,5/8/16 15:27,5,34,73,25,61,-108,49,-1491,-1883,26.5,111,2,
0,occupied,111,5/8/16 15:27,5,34,73,30,43,-113,56,-1493,-1884,26.5,112,2,
0,occupied,112,5/8/16 15:27,7,34,73,15,58,-88,50,-1487,-1888,26.5,113,2,
0,occupied,113,5/8/16 15:27,6,34,72,-37,28,-170,49,-1497,-1882,26.5,114,2,
0,occupied,114,5/8/16 15:27,6,35,73,13,23,-148,45,-1481,-1883,26.6,115,2,
0,occupied,115,5/8/16 15:27,7,35,73,17,66,-147,44,-1485,-1889,26.6,116,2,
0,occupied,116,5/8/16 15:27,6,34,73,-10,58,-107,51,-1479,-1881,26.6,117,2,
0,occupied,117,5/8/16 15:28,6,35,73,-2,43,-116,43,-1484,-1888,26.6,118,2,
0,occupied,118,5/8/16 15:28,5,34,73,28,61,-90,46,-1495,-1878,26.7,119,2,
0,occupied,119,5/8/16 15:28,6,34,73,4,41,-120,48,-1487,-1889,26.7,120,2,
0,occupied,120,5/8/16 15:28,6,35,73,25,38,-120,45,-1480,-1892,26.7,121,2,
0,occupied,121,5/8/16 15:28,6,36,73,24,59,-108,46,-1490,-1893,26.8,122,2,
0,occupied,122,5/8/16 15:28,6,35,73,-6,63,-128,46,-1487,-1883,26.8,123,2,
0,occupied,123,5/8/16 15:28,6,35,74,6,52,-114,57,-1492,-1877,26.8,124,2,
0,occupied,124,5/8/16 15:28,5,35,73,4,88,-101,50,-1495,-1880,26.8,125,2,
0,occupied,125,5/8/16 15:28,5,35,74,31,82,-96,47,-1489,-1877,26.9,126,2,
0,occupied,126,5/8/16 15:28,6,35,73,10,66,-105,49,-1496,-1873,26.9,127,2,
0,occupied,127,5/8/16 15:28,6,35,73,0,51,-90,56,-1490,-1878,26.9,128,2,
0,occupied,128,5/8/16 15:28,5,34,73,-4,18,-141,48,-1484,-1890,26.9,129,2,
0,occupied,129,5/8/16 15:28,5,34,74,-4,77,-118,41,-1480,-1877,26.9,130,2,
0,occupied,130,5/8/16 15:28,6,34,73,-14,69,-92,59,-1465,-1889,27,131,2,
0,occupied,131,5/8/16 15:28,5,34,73,-5,65,-124,55,-1477,-1877,27,132,2,
0,occupied,132,5/8/16 15:28,6,33,74,-50,109,-159,68,-1477,-1894,27,133,2,
0,occupied,133,5/8/16 15:28,6,34,73,-28,28,-132,58,-1479,-1881,27,134,2,
0,occupied,134,5/8/16 15:28,6,35,73,3,93,-145,50,-1480,-1881,27.1,135,2,
0,occupied,135,5/8/16 15:28,5,34,73,55,2,-106,41,-1479,-1898,27.1,136,2,
0,occupied,136,5/8/16 15:28,5,36,73,22,85,-82,39,-1483,-1876,27.1,137,2,
0,occupied,137,5/8/16 15:29,6,35,74,-44,22,-67,38,-1494,-1875,27.2,138,2,
0,occupied,138,5/8/16 15:29,6,34,74,-8,38,-127,42,-1487,-1869,27.2,139,2,
0,occupied,139,5/8/16 15:29,6,34,74,-81,38,-92,56,-1486,-1884,27.2,140,2,
0,occupied,140,5/8/16 15:29,5,35,73,-4,92,-92,47,-1479,-1880,27.2,141,2,
0,occupied,141,5/8/16 15:29,6,34,73,22,69,-83,59,-1493,-1878,27.2,142,2,
0,occupied,142,5/8/16 15:29,6,34,74,31,65,-91,62,-1483,-1877,27.2,143,2,
0,occupied,143,5/8/16 15:29,5,35,74,22,114,-90,41,-1494,-1884,27.3,144,2,
0,occupied,144,5/8/16 15:29,5,34,73,0,41,-107,36,-1489,-1875,27.3,145,2,
0,occupied,145,5/8/16 15:29,6,35,73,43,21,-88,41,-1477,-1878,27.3,146,2,
0,occupied,146,5/8/16 15:29,5,35,74,42,33,-105,46,-1487,-1878,27.3,147,2,
0,occupied,147,5/8/16 15:29,6,34,74,10,90,-76,45,-1494,-1876,27.3,148,2,
0,occupied,148,5/8/16 15:29,6,35,73,31,73,-101,52,-1489,-1882,27.3,149,2,
0,occupied,149,5/8/16 15:29,5,34,73,8,71,-95,56,-1481,-1889,27.3,150,2,
0,occupied,150,5/8/16 15:29,6,34,73,20,66,-77,54,-1494,-1877,27.4,151,2,
0,occupied,151,5/8/16 15:29,5,35,73,0,67,-97,54,-1491,-1882,27.4,152,2,
0,occupied,152,5/8/16 15:29,6,34,73,6,46,-115,44,-1474,-1886,27.4,153,2,
0,occupied,153,5/8/16 15:29,6,35,73,27,29,-135,36,-1478,-1876,27.4,154,2,
0,occupied,154,5/8/16 15:29,5,34,74,12,73,-94,44,-1480,-1879,27.4,155,2,
0,occupied,155,5/8/16 15:29,5,35,73,15,47,-99,45,-1486,-1885,27.4,156,2,
0,occupied,156,5/8/16 15:29,5,34,75,78,125,-66,53,-1490,-1894,27.5,157,2,
0,occupied,157,5/8/16 15:29,6,35,74,-14,35,-133,53,-1482,-1884,27.5,158,2,
0,occupied,158,5/8/16 15:30,5,34,73,7,6,-109,48,-1481,-1881,27.5,159,2,
0,occupied,159,5/8/16 15:30,6,34,74,14,79,-97,43,-1481,-1886,27.5,160,2,
0,occupied,160,5/8/16 15:30,6,35,73,8,48,-123,51,-1481,-1882,27.5,161,2,
0,occupied,161,5/8/16 15:30,5,35,73,25,37,-94,45,-1476,-1874,27.5,162,2,
0,occupied,162,5/8/16 15:30,5,34,74,3,39,-117,52,-1475,-1873,27.6,163,2,
0,occupied,163,5/8/16 15:30,5,35,73,19,40,-129,48,-1485,-1883,27.6,164,2,
0,occupied,164,5/8/16 15:30,5,34,73,18,37,-130,37,-1479,-1871,27.6,165,2,
0,occupied,165,5/8/16 15:30,5,34,74,-12,18,-121,55,-1480,-1884,27.6,166,2,
0,occupied,166,5/8/16 15:30,5,34,74,0,65,-77,46,-1483,-1884,27.6,167,2,
0,occupied,167,5/8/16 15:30,5,34,73,6,73,-86,45,-1483,-1898,27.6,168,2,
0,occupied,168,5/8/16 15:30,6,35,73,3,62,-123,47,-1475,-1883,27.6,169,2,
0,occupied,169,5/8/16 15:30,5,34,74,0,68,-92,42,-1483,-1870,27.7,170,2,
0,occupied,170,5/8/16 15:30,5,35,73,-1,18,-117,40,-1478,-1881,27.7,171,2,
0,occupied,171,5/8/16 15:30,5,34,74,9,64,-90,56,-1486,-1878,27.7,172,2,
0,occupied,172,5/8/16 15:30,6,34,73,-10,69,-93,41,-1490,-1878,27.7,173,2,
0,occupied,173,5/8/16 15:30,6,34,74,6,90,-82,53,-1481,-1868,27.7,174,2,
0,occupied,174,5/8/16 15:30,5,35,74,6,59,-107,58,-1471,-1886,27.7,175,2,
0,uncertain,175,5/8/16 15:30,6,34,73,46,100,-89,37,-1479,-1877,27.7,176,1,
0,uncertain,176,5/8/16 15:30,6,35,73,29,29,-86,53,-1470,-1872,27.7,177,1,
0,uncertain,177,5/8/16 15:30,5,35,73,23,69,-94,60,-1474,-1883,27.7,178,1,
0,uncertain,178,5/8/16 15:30,5,35,73,15,48,-122,38,-1473,-1891,27.7,179,1,
0,occupied,179,5/8/16 15:30,6,35,74,6,60,-89,45,-1481,-1879,27.8,180,2,
0,occupied,180,5/8/16 15:31,5,35,73,48,77,-81,46,-1478,-1878,27.8,181,2,
0,occupied,181,5/8/16 15:31,6,35,73,41,31,-93,48,-1471,-1873,27.8,182,2,
0,occupied,182,5/8/16 15:31,6,35,74,30,68,-77,46,-1485,-1883,27.8,183,2,
0,occupied,183,5/8/16 15:31,6,35,74,13,54,-69,59,-1483,-1876,27.8,184,2,
0,uncertain,184,5/8/16 15:31,5,35,73,46,56,-88,42,-1481,-1874,27.8,185,1,
0,uncertain,185,5/8/16 15:31,5,35,74,-25,89,-93,46,-1482,-1874,27.8,186,1,
0,uncertain,186,5/8/16 15:31,6,35,74,-5,66,-76,44,-1485,-1881,27.8,187,1,
0,uncertain,187,5/8/16 15:31,6,35,74,-4,92,-85,51,-1481,-1883,27.8,188,1,
0,uncertain,188,5/8/16 15:31,6,34,74,17,69,-59,57,-1465,-1874,27.8,189,1,
0,occupied,189,5/8/16 15:31,5,35,74,46,23,-106,62,-1477,-1873,27.9,190,2,
0,occupied,190,5/8/16 15:31,5,35,74,30,30,-88,48,-1479,-1891,27.9,191,2,
0,occupied,191,5/8/16 15:31,5,34,73,-4,25,-113,38,-1481,-1896,27.9,192,2,
0,occupied,192,5/8/16 15:31,6,34,73,-10,87,-82,60,-1477,-1882,27.9,193,2,
0,uncertain,193,5/8/16 15:31,6,35,73,29,53,-73,54,-1482,-1888,27.9,194,1,
0,uncertain,194,5/8/16 15:31,6,34,73,26,59,-74,42,-1476,-1891,27.9,195,1,
0,uncertain,195,5/8/16 15:31,6,35,72,2,96,-80,51,-1475,-1887,27.9,196,1,
0,uncertain,196,5/8/16 15:31,5,35,73,-12,25,-123,56,-1490,-1884,27.9,197,1,
0,uncertain,197,5/8/16 15:31,6,34,74,1,74,-85,31,-1473,-1874,27.9,198,1,
0,occupied,198,5/8/16 15:31,5,35,73,40,60,-71,38,-1471,-1888,28,199,2,
0,occupied,199,5/8/16 15:31,6,34,73,29,49,-77,44,-1475,-1883,28,200,2,
0,occupied,200,5/8/16 15:32,5,34,73,29,26,-89,43,-1478,-1886,28,201,2,
0,occupied,201,5/8/16 15:32,5,34,73,42,76,-72,46,-1481,-1881,28,202,2,
0,occupied,202,5/8/16 15:32,5,34,73,10,103,-77,61,-1476,-1885,28,203,2,
0,occupied,203,5/8/16 15:32,5,34,74,26,84,-132,60,-1485,-1870,28,204,2,
0,uncertain,204,5/8/16 15:32,6,34,73,12,75,-76,39,-1473,-1879,28,205,1,
0,uncertain,205,5/8/16 15:32,5,35,74,85,82,-116,47,-1491,-1886,28,206,1,
0,uncertain,206,5/8/16 15:32,5,34,74,-12,99,-88,36,-1485,-1879,28,207,1,
0,occupied,207,5/8/16 15:32,6,33,73,-62,-28,-42,60,-1476,-1883,28.1,208,2,
0,occupied,208,5/8/16 15:32,6,34,74,-44,-49,-205,70,-1486,-1875,28.1,209,2,
0,occupied,209,5/8/16 15:32,5,34,74,37,64,-40,48,-1481,-1867,28.1,210,2,
0,occupied,210,5/8/16 15:32,6,35,74,15,72,-84,53,-1482,-1874,28.1,211,2,
0,occupied,211,5/8/16 15:32,5,35,74,2,22,-102,61,-1478,-1866,28.1,212,2,
0,occupied,212,5/8/16 15:32,5,34,74,15,23,-126,47,-1491,-1864,28.1,213,2,
0,occupied,213,5/8/16 15:32,5,34,74,0,78,-90,54,-1491,-1870,28.1,214,2,
0,occupied,214,5/8/16 15:32,5,35,73,12,43,-77,41,-1486,-1876,28.1,215,2,
0,occupied,215,5/8/16 15:32,6,34,73,16,53,-95,58,-1479,-1878,28.2,216,2,
0,occupied,216,5/8/16 15:32,6,34,73,7,110,-63,57,-1485,-1863,28.2,217,2,
0,occupied,217,5/8/16 15:32,6,34,73,44,75,-67,48,-1487,-1867,28.2,218,2,
0,occupied,218,5/8/16 15:33,6,35,74,23,37,-89,46,-1486,-1875,28.2,219,2,
0,occupied,219,5/8/16 15:33,6,35,73,-10,97,-72,55,-1474,-1875,28.2,220,2,
0,occupied,220,5/8/16 15:33,5,35,74,13,57,-83,62,-1470,-1875,28.2,221,2,
0,occupied,221,5/8/16 15:33,6,35,74,14,48,-83,61,-1487,-1878,28.2,222,2,
0,occupied,222,5/8/16 15:33,6,35,73,9,76,-61,57,-1472,-1870,28.2,223,2,
0,occupied,223,5/8/16 15:33,6,35,74,10,15,-116,50,-1491,-1869,28.2,224,2,
0,occupied,224,5/8/16 15:33,5,34,74,14,72,-53,60,-1472,-1872,28.3,225,2,
0,occupied,225,5/8/16 15:33,5,34,73,19,51,-79,74,-1480,-1880,28.3,226,2,
0,occupied,226,5/8/16 15:33,6,35,73,32,56,-84,49,-1481,-1881,28.3,227,2,
0,occupied,227,5/8/16 15:33,6,35,74,28,61,-72,53,-1477,-1868,28.3,228,2,
0,occupied,228,5/8/16 15:33,5,34,73,21,56,-79,57,-1482,-1879,28.3,229,2,
0,occupied,229,5/8/16 15:33,6,35,73,31,46,-111,48,-1469,-1880,28.3,230,2,
0,occupied,230,5/8/16 15:33,6,35,74,4,67,-108,52,-1482,-1883,28.3,231,2,
0,occupied,231,5/8/16 15:33,5,34,74,29,39,-91,60,-1470,-1887,28.3,232,2,
0,occupied,232,5/8/16 15:33,5,34,73,31,42,-111,60,-1474,-1888,28.3,233,2,
0,occupied,233,5/8/16 15:33,5,35,74,11,101,-69,49,-1490,-1880,28.3,234,2,
0,occupied,234,5/8/16 15:33,5,34,73,6,52,-81,54,-1488,-1885,28.3,235,2,
0,occupied,235,5/8/16 15:34,5,34,74,11,72,-74,45,-1475,-1875,28.4,236,2,
0,occupied,236,5/8/16 15:34,6,34,73,27,73,-90,55,-1478,-1892,28.4,237,2,
0,occupied,237,5/8/16 15:34,5,34,73,15,64,-88,53,-1482,-1885,28.4,238,2,
0,occupied,238,5/8/16 15:34,5,34,73,2,40,-113,57,-1476,-1885,28.4,239,2,
0,occupied,239,5/8/16 15:34,5,34,73,8,61,-65,53,-1474,-1866,28.4,240,2,
0,occupied,240,5/8/16 15:34,5,34,73,33,71,-85,62,-1485,-1886,28.4,241,2,
0,occupied,241,5/8/16 15:34,6,35,73,7,57,-113,56,-1487,-1876,28.4,242,2,
0,occupied,242,5/8/16 15:34,5,35,74,8,77,-66,54,-1481,-1877,28.4,243,2,
0,occupied,243,5/8/16 15:34,5,34,73,-86,127,-93,48,-1485,-1881,28.4,244,2,
0,occupied,244,5/8/16 15:34,5,34,74,43,36,-61,53,-1482,-1877,28.4,245,2,
0,occupied,245,5/8/16 15:34,5,34,74,6,91,-56,60,-1497,-1875,28.4,246,2,
0,occupied,246,5/8/16 15:34,5,34,73,62,41,-88,50,-1484,-1889,28.5,247,2,
0,occupied,247,5/8/16 15:34,6,34,73,8,73,-78,53,-1482,-1867,28.5,248,2,
0,occupied,248,5/8/16 15:34,5,34,74,29,71,-78,54,-1479,-1880,28.5,249,2,
0,occupied,249,5/8/16 15:34,5,33,74,42,15,-105,61,-1480,-1867,28.5,250,2,
0,occupied,250,5/8/16 15:34,5,34,74,-4,80,-69,43,-1477,-1878,28.5,251,2,
0,occupied,251,5/8/16 15:34,5,34,73,35,54,-62,51,-1477,-1873,28.5,252,2,
0,occupied,252,5/8/16 15:34,5,34,73,108,69,-48,64,-1485,-1868,28.5,253,2,
0,occupied,253,5/8/16 15:34,5,34,73,8,64,-60,55,-1484,-1862,28.5,254,2,
0,occupied,254,5/8/16 15:35,5,34,73,-14,60,-104,45,-1479,-1874,28.5,255,2,
0,occupied,255,5/8/16 15:35,5,35,74,1,48,-79,50,-1490,-1877,28.5,256,2,
0,occupied,256,5/8/16 15:35,5,35,74,22,58,-69,62,-1482,-1884,28.5,257,2,
0,occupied,257,5/8/16 15:35,5,34,74,0,95,-53,52,-1484,-1867,28.5,258,2,
0,occupied,258,5/8/16 15:35,5,34,73,15,51,-57,48,-1488,-1866,28.5,259,2,
0,occupied,259,5/8/16 15:35,5,35,74,31,63,-75,53,-1484,-1884,28.5,260,2,
0,occupied,260,5/8/16 15:35,5,34,73,31,29,-77,44,-1489,-1866,28.5,261,2,
0,occupied,261,5/8/16 15:35,5,35,73,7,39,-83,42,-1474,-1878,28.6,262,2,
0,occupied,262,5/8/16 15:35,5,35,73,-21,91,-74,55,-1484,-1891,28.6,263,2,
0,occupied,263,5/8/16 15:35,5,34,73,27,72,-47,51,-1482,-1886,28.6,264,2,
0,occupied,264,5/8/16 15:35,5,34,73,27,54,-61,59,-1481,-1879,28.6,265,2,
0,occupied,265,5/8/16 15:35,5,34,74,57,19,-51,59,-1484,-1876,28.6,266,2,
0,occupied,266,5/8/16 15:35,5,34,73,61,35,-91,66,-1490,-1889,28.6,267,2,
0,occupied,267,5/8/16 15:35,5,34,73,31,34,-73,61,-1473,-1891,28.6,268,2,
0,occupied,268,5/8/16 15:35,5,34,74,64,5,-66,51,-1494,-1870,28.6,269,2,
0,occupied,269,5/8/16 15:35,6,34,73,-10,99,-73,51,-1487,-1868,28.6,270,2,
0,occupied,270,5/8/16 15:35,5,34,74,13,75,-60,49,-1490,-1882,28.6,271,2,
0,occupied,271,5/8/16 15:35,5,34,73,40,66,-60,53,-1490,-1884,28.6,272,2,
0,occupied,272,5/8/16 15:35,5,34,74,20,42,-107,43,-1478,-1878,28.6,273,2,
0,occupied,273,5/8/16 15:35,5,34,74,-22,66,-93,63,-1475,-1877,28.6,274,2,
0,occupied,274,5/8/16 15:35,5,34,73,4,75,-130,48,-1484,-1873,28.6,275,2,
0,occupied,275,5/8/16 15:35,5,34,74,10,85,-67,57,-1482,-1878,28.7,276,2,
0,occupied,276,5/8/16 15:35,5,35,74,9,74,-98,41,-1476,-1873,28.7,277,2,
0,occupied,277,5/8/16 15:36,5,35,73,29,42,-80,58,-1482,-1886,28.7,278,2,
0,occupied,278,5/8/16 15:36,5,35,73,21,61,-57,50,-1486,-1870,28.7,279,2,
0,occupied,279,5/8/16 15:36,4,34,74,10,43,-92,52,-1485,-1884,28.7,280,2,
0,occupied,280,5/8/16 15:36,5,35,75,15,39,-86,55,-1486,-1873,28.7,281,2,
0,occupied,281,5/8/16 15:36,5,33,73,43,65,-75,58,-1481,-1870,28.7,282,2,
0,occupied,282,5/8/16 15:36,5,34,73,24,75,-47,54,-1490,-1874,28.7,283,2,
0,occupied,283,5/8/16 15:36,5,34,73,33,51,-61,54,-1485,-1877,28.7,284,2,
0,occupied,284,5/8/16 15:36,5,35,74,5,76,-76,56,-1470,-1873,28.7,285,2,
0,occupied,285,5/8/16 15:36,4,35,72,40,28,-82,47,-1485,-1892,28.7,286,2,
0,occupied,286,5/8/16 15:36,5,34,73,18,5,-101,57,-1489,-1877,28.7,287,2,
0,occupied,287,5/8/16 15:36,5,35,74,-10,57,-83,52,-1496,-1877,28.7,288,2,
0,occupied,288,5/8/16 15:36,5,33,74,9,85,-86,58,-1479,-1876,28.7,289,2,
0,occupied,289,5/8/16 15:36,5,34,74,16,61,-54,61,-1485,-1872,28.7,290,2,
0,occupied,290,5/8/16 15:36,4,35,74,25,54,-63,56,-1483,-1880,28.8,291,2,
0,occupied,291,5/8/16 15:36,5,34,73,5,72,-46,52,-1483,-1878,28.8,292,2,
0,occupied,292,5/8/16 15:36,4,34,73,23,85,-95,52,-1476,-1873,28.8,293,2,
0,occupied,293,5/8/16 15:36,5,35,73,20,55,-81,44,-1498,-1883,28.8,294,2,
0,occupied,294,5/8/16 15:36,5,35,74,35,25,-95,52,-1484,-1883,28.8,295,2,
0,occupied,295,5/8/16 15:36,4,35,73,-10,92,-58,52,-1478,-1879,28.8,296,2,
0,occupied,296,5/8/16 15:36,5,35,74,91,115,-64,56,-1493,-1873,28.8,297,2,
0,occupied,297,5/8/16 15:36,5,35,73,-7,90,-72,57,-1476,-1878,28.8,298,2,
0,occupied,298,5/8/16 15:36,5,34,74,16,59,-57,50,-1491,-1882,28.8,299,2,
0,occupied,299,5/8/16 15:36,4,35,74,25,50,-75,53,-1482,-1887,28.8,300,2,
0,occupied,300,5/8/16 15:36,5,34,74,20,50,-85,57,-1484,-1888,28.8,301,2,
0,occupied,301,5/8/16 15:37,5,34,74,21,62,-84,50,-1476,-1885,28.8,302,2,
0,occupied,302,5/8/16 15:37,6,34,74,25,71,-44,66,-1477,-1874,28.8,303,2,
0,occupied,303,5/8/16 15:37,5,34,73,0,80,-57,57,-1482,-1883,28.8,304,2,
0,occupied,304,5/8/16 15:37,5,34,73,17,53,-59,50,-1469,-1875,28.8,305,2,
0,occupied,305,5/8/16 15:37,5,34,74,27,63,-73,64,-1483,-1874,28.8,306,2,
0,occupied,306,5/8/16 15:37,5,34,74,42,30,-70,45,-1474,-1878,28.9,307,2,
0,occupied,307,5/8/16 15:37,5,34,74,11,51,-63,45,-1480,-1889,28.9,308,2,
0,occupied,308,5/8/16 15:37,4,34,73,0,74,-71,54,-1474,-1869,28.9,309,2,
0,occupied,309,5/8/16 15:37,5,34,73,30,86,-51,54,-1487,-1885,28.9,310,2,
0,occupied,310,5/8/16 15:37,6,33,74,0,82,-86,50,-1484,-1886,28.9,311,2,
0,occupied,311,5/8/16 15:37,5,34,73,22,91,-47,67,-1493,-1870,28.9,312,2,
0,occupied,312,5/8/16 15:37,5,34,74,9,49,-86,58,-1489,-1880,28.9,313,2,
0,occupied,313,5/8/16 15:37,4,34,73,37,45,-67,65,-1477,-1880,28.9,314,2,
0,occupied,314,5/8/16 15:37,6,34,73,18,56,-87,50,-1479,-1883,28.9,315,2,
0,occupied,315,5/8/16 15:37,5,34,74,34,48,-53,56,-1479,-1881,28.9,316,2,
0,occupied,316,5/8/16 15:37,5,35,74,11,105,-62,47,-1480,-1880,28.9,317,2,
0,occupied,317,5/8/16 15:37,5,34,73,58,45,-36,52,-1479,-1875,28.9,318,2,
0,occupied,318,5/8/16 15:37,5,33,73,26,78,-84,66,-1487,-1888,28.9,319,2,
0,occupied,319,5/8/16 15:37,5,34,73,-16,47,-55,37,-1473,-1870,28.9,320,2,
0,occupied,320,5/8/16 15:37,4,34,74,-8,58,-78,48,-1487,-1885,28.9,321,2,
0,occupied,321,5/8/16 15:37,5,33,73,-10,82,-59,54,-1480,-1879,28.9,322,2,
0,occupied,322,5/8/16 15:37,5,35,73,-4,37,-92,63,-1480,-1876,29,323,2,
0,occupied,323,5/8/16 15:37,5,34,74,29,78,-68,60,-1475,-1882,29,324,2,
0,occupied,324,5/8/16 15:38,5,34,73,-4,82,-79,50,-1492,-1882,29,325,2,
0,occupied,325,5/8/16 15:38,5,34,73,31,35,-66,50,-1477,-1884,29,326,2,
0,occupied,326,5/8/16 15:38,5,35,74,-2,33,-70,46,-1472,-1888,29,327,2,
0,occupied,327,5/8/16 15:38,5,34,74,44,30,-38,56,-1482,-1891,29,328,2,
0,occupied,328,5/8/16 15:38,5,34,73,50,48,-52,64,-1479,-1883,29,329,2,
0,occupied,329,5/8/16 15:38,5,34,74,35,49,-64,49,-1485,-1886,29,330,2,
0,occupied,330,5/8/16 15:38,5,35,74,-39,106,-72,48,-1483,-1891,29,331,2,
0,occupied,331,5/8/16 15:38,5,36,73,31,4,-76,49,-1479,-1877,29,332,2,
0,occupied,332,5/8/16 15:38,5,34,73,21,56,-68,50,-1484,-1879,29,333,2,
0,occupied,333,5/8/16 15:38,5,35,73,-3,95,-92,36,-1473,-1879,29,334,2,
0,occupied,334,5/8/16 15:38,6,35,73,24,36,-78,64,-1481,-1890,29,335,2,
0,occupied,335,5/8/16 15:38,5,35,74,-2,98,-88,61,-1474,-1876,29,336,2,
0,occupied,336,5/8/16 15:38,5,34,73,24,41,-93,55,-1467,-1881,29,337,2,
0,occupied,337,5/8/16 15:38,6,34,74,9,79,-61,69,-1481,-1869,29,338,2,
0,occupied,338,5/8/16 15:38,5,35,74,-40,130,-88,54,-1470,-1883,29,339,2,
0,occupied,339,5/8/16 15:38,6,34,73,50,49,-50,53,-1476,-1882,29,340,2,
0,occupied,340,5/8/16 15:38,5,35,73,20,63,-45,56,-1469,-1892,29,341,2,
0,occupied,341,5/8/16 15:38,5,35,73,6,52,-65,58,-1468,-1899,29.1,342,2,
0,occupied,342,5/8/16 15:38,5,34,74,25,27,-102,45,-1470,-1877,29.1,343,2,
0,occupied,343,5/8/16 15:38,5,34,73,35,40,-80,47,-1465,-1886,29.1,344,2,
0,occupied,344,5/8/16 15:39,4,34,74,9,77,-77,54,-1472,-1884,29.1,345,2,
0,occupied,345,5/8/16 15:39,5,35,73,18,74,-65,55,-1476,-1873,29.1,346,2,
0,occupied,346,5/8/16 15:39,5,35,74,33,49,-45,50,-1455,-1878,29.1,347,2,
0,occupied,347,5/8/16 15:39,5,33,73,102,27,-55,44,-1471,-1894,29.1,348,2,
0,occupied,348,5/8/16 15:39,6,34,73,-37,97,-81,57,-1476,-1885,29.1,349,2,
0,occupied,349,5/8/16 15:39,5,35,74,30,50,-69,60,-1477,-1880,29.1,350,2,
0,occupied,350,5/8/16 15:39,5,34,73,24,71,-60,53,-1474,-1869,29.1,351,2,
0,occupied,351,5/8/16 15:39,5,34,73,35,11,-96,44,-1485,-1877,29.1,352,2,
0,occupied,352,5/8/16 15:39,5,35,74,5,60,-78,50,-1477,-1878,29.1,353,2,
0,occupied,353,5/8/16 15:39,5,35,74,-11,135,-33,69,-1469,-1865,29.1,354,2,
0,occupied,354,5/8/16 15:39,5,35,73,45,23,-28,48,-1465,-1863,29.2,355,2,
0,occupied,355,5/8/16 15:39,6,36,73,21,79,-45,58,-1476,-1872,29.2,356,2,
0,occupied,356,5/8/16 15:39,5,35,73,-32,121,-39,58,-1471,-1869,29.2,357,2,
0,occupied,357,5/8/16 15:39,5,34,73,-10,50,-112,58,-1461,-1881,29.2,358,2,
0,occupied,358,5/8/16 15:39,5,35,74,90,72,-65,52,-1468,-1887,29.2,359,2,
0,occupied,359,5/8/16 15:39,5,34,74,8,135,-40,51,-1475,-1878,29.2,360,2,
0,occupied,360,5/8/16 15:39,6,34,74,9,104,-124,49,-1480,-1875,29.2,361,2,
0,occupied,361,5/8/16 15:39,5,35,72,15,67,-86,56,-1465,-1875,29.2,362,2,
0,occupied,362,5/8/16 15:39,4,35,73,11,40,-82,52,-1466,-1874,29.2,363,2,
0,occupied,363,5/8/16 15:40,5,35,73,179,153,-320,48,-1470,-1875,29.2,364,2,
0,occupied,364,5/8/16 15:40,6,33,74,78,67,-115,77,-1484,-1888,29.2,365,2,
0,occupied,365,5/8/16 15:40,6,32,75,148,91,30,73,-1487,-1899,29.2,366,2,
0,occupied,366,5/8/16 15:40,5,33,73,67,75,-103,83,-1496,-1902,29.2,367,2,
0,occupied,367,5/8/16 15:40,5,32,74,15,75,-40,89,-1494,-1900,29.2,368,2,
0,occupied,368,5/8/16 15:40,6,32,74,45,72,-45,91,-1487,-1897,29.2,369,2,
0,occupied,369,5/8/16 15:40,5,32,75,47,46,37,79,-1499,-1897,29.2,370,2,
0,occupied,370,5/8/16 15:40,6,32,74,126,20,-23,89,-1477,-1891,29.2,371,2,
0,occupied,371,5/8/16 15:40,6,31,74,9,72,-44,82,-1494,-1912,29.2,372,2,
0,occupied,372,5/8/16 15:40,6,33,74,57,99,-42,90,-1487,-1902,29.3,373,2,
0,occupied,373,5/8/16 15:40,7,32,75,56,66,-33,82,-1498,-1895,29.3,374,2,
0,occupied,374,5/8/16 15:40,6,32,74,0,117,-47,81,-1497,-1896,29.3,375,2,
0,occupied,375,5/8/16 15:40,7,34,73,13,23,11,60,-1487,-1881,29.3,376,2,
0,occupied,376,5/8/16 15:40,7,33,73,16,49,-79,56,-1477,-1869,29.3,377,2,
0,occupied,377,5/8/16 15:40,7,33,72,40,121,-72,57,-1482,-1883,29.3,378,2,
0,occupied,378,5/8/16 15:40,8,33,74,50,76,-14,65,-1484,-1873,29.3,379,2,
0,occupied,379,5/8/16 15:40,7,34,74,4,147,-195,44,-1483,-1879,29.3,380,2,
0,occupied,380,5/8/16 15:40,7,34,73,28,61,-37,50,-1479,-1869,29.3,381,2,
0,occupied,381,5/8/16 15:40,8,34,74,-43,32,-96,68,-1478,-1861,29.3,382,2,
0,occupied,382,5/8/16 15:40,6,52,68,-853,317,-638,-157,-1632,-1730,29.3,383,2,
0,occupied,383,5/8/16 15:40,5,50,65,9,138,-66,-209,-1660,-1708,29.3,384,2,
0,occupied,384,5/8/16 15:40,4,50,65,22,75,-63,-217,-1653,-1714,29.3,385,2,
0,occupied,385,5/8/16 15:40,3,50,65,1,34,-34,-225,-1695,-1723,29.3,386,2,
0,occupied,386,5/8/16 15:41,3,50,64,39,51,-61,-214,-1706,-1710,29.3,387,2,
0,occupied,387,5/8/16 15:41,2,51,65,24,64,-74,-225,-1706,-1697,29.3,388,2,
0,occupied,388,5/8/16 15:41,2,51,64,41,45,3,-235,-1710,-1700,29.3,389,2,
0,occupied,389,5/8/16 15:41,4,49,65,161,-249,687,-213,-1631,-1716,29.3,390,2,
0,occupied,390,5/8/16 15:41,5,52,64,35,-311,447,-126,-1388,-1705,29.3,391,2,
0,occupied,391,5/8/16 15:41,4,51,64,31,-19,38,-55,-1338,-1731,29.3,392,2,
0,occupied,392,5/8/16 15:41,5,52,64,23,71,-58,-63,-1330,-1740,29.3,393,2,
0,occupied,393,5/8/16 15:41,5,52,64,20,40,-80,-55,-1325,-1751,29.3,394,2,
0,uncertain,394,5/8/16 15:41,4,51,64,1,43,-53,-50,-1327,-1736,29.2,395,1,
0,empty,395,5/8/16 15:41,4,52,63,28,34,-77,-62,-1330,-1741,29.2,396,0,
0,uncertain,396,5/8/16 15:41,4,51,64,20,91,-31,-54,-1330,-1751,29.2,397,1,
0,uncertain,397,5/8/16 15:41,4,52,64,23,57,-86,-76,-1333,-1745,29.2,398,1,
0,uncertain,398,5/8/16 15:41,5,51,64,44,88,-34,-62,-1329,-1747,29.2,399,1,
0,uncertain,399,5/8/16 15:41,5,52,64,13,77,-73,-51,-1331,-1748,29.1,400,1,
0,empty,400,5/8/16 15:41,4,51,63,5,60,-78,-72,-1323,-1756,29.1,401,0,
0,uncertain,401,5/8/16 15:41,4,51,64,18,43,-96,-69,-1341,-1748,29.1,402,1,
0,uncertain,402,5/8/16 15:41,5,52,64,49,14,-102,-58,-1333,-1742,29.1,403,1,
0,empty,403,5/8/16 15:41,5,52,63,-15,70,-52,-68,-1327,-1741,29,404,0,
0,uncertain,404,5/8/16 15:41,5,51,64,34,65,-70,-71,-1330,-1750,29,405,1,
0,uncertain,405,5/8/16 15:41,5,52,64,34,75,-65,-48,-1335,-1744,29,406,1,
0,uncertain,406,5/8/16 15:41,4,52,64,-3,86,-62,-64,-1333,-1745,28.9,407,1,
0,uncertain,407,5/8/16 15:41,4,51,64,35,39,-84,-58,-1337,-1738,28.9,408,1,
0,empty,408,5/8/16 15:41,4,51,63,40,64,-100,-60,-1328,-1737,28.9,409,0,
0,uncertain,409,5/8/16 15:41,5,52,64,50,45,-72,-77,-1341,-1748,28.9,410,1,
0,empty,410,5/8/16 15:42,4,52,63,17,94,-34,-61,-1330,-1746,28.8,411,0,
0,empty,411,5/8/16 15:42,4,52,63,27,66,-54,-81,-1332,-1748,28.8,412,0,
0,empty,412,5/8/16 15:42,4,51,63,34,66,-76,-75,-1332,-1738,28.8,413,0,
0,empty,413,5/8/16 15:42,4,52,63,2,80,-50,-64,-1331,-1746,28.7,414,0,
0,uncertain,414,5/8/16 15:42,4,52,64,10,88,-60,-71,-1338,-1741,28.7,415,1,
0,uncertain,415,5/8/16 15:42,4,52,64,7,68,-64,-58,-1339,-1742,28.7,416,1,
0,empty,416,5/8/16 15:42,4,52,63,21,38,-88,-70,-1324,-1732,28.7,417,0,
0,empty,417,5/8/16 15:42,4,52,63,-2,82,-49,-58,-1334,-1739,28.6,418,0,
0,uncertain,418,5/8/16 15:42,4,52,64,14,72,-44,-70,-1333,-1742,28.6,419,1,
0,uncertain,419,5/8/16 15:42,4,51,64,34,96,-71,-59,-1336,-1753,28.6,420,1,
0,uncertain,420,5/8/16 15:42,4,52,64,11,77,-67,-63,-1331,-1758,28.5,421,1,
0,empty,421,5/8/16 15:42,5,52,63,9,61,-76,-73,-1318,-1742,28.5,422,0,
0,empty,422,5/8/16 15:42,4,52,63,13,69,-60,-68,-1326,-1732,28.5,423,0,
0,uncertain,423,5/8/16 15:42,4,52,64,1,46,-122,-56,-1327,-1748,28.4,424,1,
0,empty,424,5/8/16 15:42,5,52,63,8,59,-92,-69,-1327,-1740,28.4,425,0,
0,empty,425,5/8/16 15:42,4,52,63,-11,72,-57,-72,-1321,-1742,28.4,426,0,
0,uncertain,426,5/8/16 15:42,4,51,64,75,75,-51,-63,-1323,-1748,28.3,427,1,
0,uncertain,427,5/8/16 15:42,4,52,64,7,89,-51,-66,-1335,-1753,28.3,428,1,
0,uncertain,428,5/8/16 15:42,5,52,65,29,73,-83,-72,-1321,-1740,28.3,429,1,
0,uncertain,429,5/8/16 15:42,6,52,64,7,68,-74,-71,-1328,-1738,28.3,430,1,
0,uncertain,430,5/8/16 15:42,5,52,64,46,38,-100,-70,-1330,-1738,28.2,431,1,
0,uncertain,431,5/8/16 15:42,5,52,64,32,69,-74,-71,-1332,-1734,28.2,432,1,
0,empty,432,5/8/16 15:42,3,52,63,17,72,-59,-80,-1333,-1746,28.2,433,0,
0,empty,433,5/8/16 15:42,4,52,63,42,73,-71,-67,-1335,-1745,28.1,434,0,
0,empty,434,5/8/16 15:43,4,52,62,-20,67,-58,-73,-1327,-1745,28.1,435,0,
0,empty,435,5/8/16 15:43,5,51,62,27,74,-79,-65,-1322,-1740,28.1,436,0,
0,empty,436,5/8/16 15:43,4,52,63,16,68,-89,-66,-1327,-1742,28,437,0,
0,uncertain,437,5/8/16 15:43,5,52,64,-22,94,-103,-76,-1335,-1744,28,438,1,
0,empty,438,5/8/16 15:43,5,52,63,43,56,-69,-62,-1332,-1745,28,439,0,
0,empty,439,5/8/16 15:43,5,52,63,25,71,-71,-68,-1344,-1738,27.9,440,0,
0,empty,440,5/8/16 15:43,4,52,63,40,79,-69,-56,-1331,-1740,27.9,441,0,
0,empty,441,5/8/16 15:43,4,51,63,-21,83,-74,-66,-1336,-1736,27.9,442,0,
0,uncertain,442,5/8/16 15:43,5,52,64,15,60,-83,-66,-1324,-1729,27.9,443,1,
0,empty,443,5/8/16 15:43,4,52,63,2,33,-100,-65,-1335,-1728,27.8,444,0,
0,empty,444,5/8/16 15:43,5,52,63,-15,68,-81,-59,-1340,-1742,27.8,445,0,
0,uncertain,445,5/8/16 15:43,4,52,64,61,55,-81,-70,-1335,-1736,27.8,446,1,
0,empty,446,5/8/16 15:43,4,53,63,3,105,-61,-73,-1336,-1738,27.8,447,0,
0,empty,447,5/8/16 15:43,5,52,63,33,48,-75,-74,-1344,-1745,27.7,448,0,
0,empty,448,5/8/16 15:43,4,51,63,-46,62,-80,-55,-1330,-1749,27.7,449,0,
0,empty,449,5/8/16 15:43,5,52,63,15,60,-73,-74,-1331,-1733,27.7,450,0,
0,empty,450,5/8/16 15:43,5,52,63,9,35,-87,-72,-1334,-1736,27.7,451,0,
0,empty,451,5/8/16 15:43,5,52,62,30,24,-128,-79,-1335,-1736,27.6,452,0,
0,uncertain,452,5/8/16 15:43,5,52,64,50,63,-84,-84,-1317,-1739,27.6,453,1,
0,uncertain,453,5/8/16 15:43,4,52,64,11,67,-93,-59,-1328,-1746,27.6,454,1,
0,empty,454,5/8/16 15:43,4,51,63,33,57,-83,-78,-1333,-1739,27.5,455,0,
0,empty,455,5/8/16 15:43,4,51,63,26,23,-103,-85,-1322,-1751,27.5,456,0,
0,empty,456,5/8/16 15:43,5,52,63,38,46,-111,-78,-1337,-1744,27.5,457,0,
0,empty,457,5/8/16 15:43,4,52,63,0,43,-99,-76,-1338,-1753,27.5,458,0,
0,empty,458,5/8/16 15:43,4,53,63,-18,42,-131,-72,-1332,-1744,27.4,459,0,
0,empty,459,5/8/16 15:44,4,52,63,26,59,-144,-75,-1329,-1749,27.4,460,0,
0,empty,460,5/8/16 15:44,4,53,63,30,72,-73,-66,-1328,-1735,27.4,461,0,
0,empty,461,5/8/16 15:44,4,53,63,-18,86,-71,-65,-1331,-1743,27.4,462,0,
0,empty,462,5/8/16 15:44,4,52,62,28,80,-74,-70,-1342,-1748,27.3,463,0,
0,empty,463,5/8/16 15:44,5,53,63,27,43,-97,-84,-1334,-1735,27.3,464,0,
0,empty,464,5/8/16 15:44,4,52,63,-15,42,-116,-60,-1335,-1737,27.3,465,0,
0,empty,465,5/8/16 15:44,4,53,63,-11,33,-106,-72,-1328,-1747,27.3,466,0,
0,empty,466,5/8/16 15:44,4,53,63,35,-3,-135,-78,-1328,-1753,27.3,467,0,
0,empty,467,5/8/16 15:44,4,53,63,18,80,-83,-78,-1331,-1742,27.2,468,0,
0,empty,468,5/8/16 15:44,5,52,63,27,46,-101,-74,-1332,-1744,27.2,469,0,
0,empty,469,5/8/16 15:44,5,53,63,32,89,-70,-76,-1341,-1746,27.2,470,0,
0,empty,470,5/8/16 15:44,4,52,63,-11,45,-136,-72,-1332,-1762,27.2,471,0,
0,empty,471,5/8/16 15:44,4,52,63,-18,78,-96,-71,-1321,-1746,27.2,472,0,
0,empty,472,5/8/16 15:44,4,52,63,31,75,-83,-66,-1324,-1730,27.1,473,0,
0,empty,473,5/8/16 15:44,4,52,63,-27,57,-94,-73,-1330,-1756,27.1,474,0,
0,empty,474,5/8/16 15:44,4,52,62,18,71,-117,-74,-1339,-1750,27.1,475,0,
0,empty,475,5/8/16 15:44,4,51,63,58,26,-125,-81,-1344,-1747,27.1,476,0,
0,empty,476,5/8/16 15:44,4,52,63,-47,72,-98,-81,-1326,-1755,27.1,477,0,
0,empty,477,5/8/16 15:44,4,53,62,21,52,-96,-72,-1333,-1749,27,478,0,
0,empty,478,5/8/16 15:44,5,52,63,-22,97,-85,-70,-1328,-1747,27,479,0,
0,empty,479,5/8/16 15:44,4,52,62,42,29,-110,-85,-1333,-1749,27,480,0,
0,empty,480,5/8/16 15:44,4,53,63,-51,52,-112,-74,-1334,-1736,27,481,0,
0,empty,481,5/8/16 15:44,4,51,62,41,28,-131,-71,-1335,-1749,26.9,482,0,
0,empty,482,5/8/16 15:44,4,52,63,15,72,-90,-79,-1337,-1731,26.9,483,0,
0,empty,483,5/8/16 15:44,5,53,63,-25,75,-70,-74,-1338,-1744,26.9,484,0,
0,empty,484,5/8/16 15:45,4,52,63,44,52,-75,-73,-1339,-1736,26.9,485,0,
0,empty,485,5/8/16 15:45,4,53,63,0,70,-100,-74,-1334,-1737,26.9,486,0,
0,empty,486,5/8/16 15:45,4,52,63,16,67,-89,-78,-1346,-1746,26.9,487,0,
0,empty,487,5/8/16 15:45,4,52,63,3,51,-104,-79,-1326,-1754,26.8,488,0,
0,empty,488,5/8/16 15:45,4,52,63,46,28,-110,-65,-1340,-1744,26.8,489,0,
0,empty,489,5/8/16 15:45,5,52,63,7,61,-91,-69,-1337,-1739,26.8,490,0,
0,uncertain,490,5/8/16 15:45,5,52,64,13,52,-102,-71,-1328,-1732,26.8,491,1,
0,uncertain,491,5/8/16 15:45,5,52,64,43,77,-81,-64,-1332,-1747,26.8,492,1,
0,empty,492,5/8/16 15:45,4,53,63,-5,64,-80,-67,-1336,-1737,26.7,493,0,
0,empty,493,5/8/16 15:45,4,53,63,31,64,-89,-74,-1333,-1747,26.7,494,0,
0,empty,494,5/8/16 15:45,5,53,63,18,58,-105,-85,-1330,-1750,26.7,495,0,
0,empty,495,5/8/16 15:45,4,52,63,23,47,-111,-80,-1331,-1751,26.7,496,0,
0,empty,496,5/8/16 15:45,4,52,63,-6,13,-129,-85,-1337,-1747,26.7,497,0,
0,empty,497,5/8/16 15:45,4,52,63,-10,83,-93,-84,-1336,-1741,26.6,498,0,
0,empty,498,5/8/16 15:45,4,53,62,25,69,-118,-80,-1339,-1751,26.6,499,0,
0,empty,499,5/8/16 15:45,4,52,63,56,32,-131,-77,-1347,-1747,26.6,500,0,
0,empty,500,5/8/16 15:45,4,52,63,64,34,-92,-72,-1327,-1735,26.6,501,0,
0,empty,501,5/8/16 15:45,4,52,63,-45,73,-114,-80,-1341,-1748,26.6,502,0,
0,empty,502,5/8/16 15:45,4,53,63,17,63,-106,-75,-1337,-1747,26.6,503,0,
0,empty,503,5/8/16 15:45,4,52,63,14,33,-123,-74,-1344,-1751,26.5,504,0,
0,empty,504,5/8/16 15:45,4,53,62,-4,0,-114,-83,-1337,-1752,26.5,505,0,
0,empty,505,5/8/16 15:45,5,52,63,24,53,-98,-65,-1335,-1747,26.5,506,0,
0,empty,506,5/8/16 15:45,4,53,63,-14,84,-87,-75,-1321,-1749,26.5,507,0,
0,empty,507,5/8/16 15:45,4,52,62,49,53,-108,-65,-1339,-1745,26.5,508,0,
0,empty,508,5/8/16 15:45,4,52,62,-23,86,-74,-71,-1344,-1748,26.5,509,0,
0,empty,509,5/8/16 15:46,4,52,62,13,46,-96,-88,-1332,-1735,26.5,510,0,
0,empty,510,5/8/16 15:46,4,52,62,-10,55,-110,-69,-1343,-1740,26.4,511,0,
0,empty,511,5/8/16 15:46,3,52,63,69,-14,-134,-78,-1336,-1758,26.4,512,0,
0,empty,512,5/8/16 15:46,4,52,63,26,85,-147,-71,-1332,-1748,26.4,513,0,
0,empty,513,5/8/16 15:46,4,52,63,-24,70,-67,-70,-1330,-1731,26.4,514,0,
0,empty,514,5/8/16 15:46,4,52,63,53,46,-93,-65,-1335,-1743,26.4,515,0,
0,empty,515,5/8/16 15:46,4,53,63,-10,71,-72,-86,-1337,-1739,26.4,516,0,
0,empty,516,5/8/16 15:46,5,53,63,38,28,-128,-78,-1336,-1751,26.3,517,0,
0,empty,517,5/8/16 15:46,4,52,63,4,57,-123,-86,-1333,-1750,26.3,518,0,
0,empty,518,5/8/16 15:46,5,52,63,44,16,-113,-85,-1339,-1739,26.3,519,0,
0,empty,519,5/8/16 15:46,4,52,63,-23,26,-149,-79,-1338,-1744,26.3,520,0,
0,empty,520,5/8/16 15:46,4,52,62,28,57,-118,-92,-1333,-1733,26.3,521,0,
0,empty,521,5/8/16 15:46,4,52,63,59,57,-104,-87,-1337,-1742,26.3,522,0,
0,empty,522,5/8/16 15:46,5,53,63,-10,53,-97,-72,-1329,-1746,26.3,523,0,
0,empty,523,5/8/16 15:46,4,51,63,45,48,-94,-88,-1324,-1745,26.2,524,0,
0,empty,524,5/8/16 15:46,4,52,63,-30,28,-133,-90,-1343,-1742,26.2,525,0,
0,empty,525,5/8/16 15:46,5,53,62,0,37,-131,-81,-1333,-1749,26.2,526,0,
0,empty,526,5/8/16 15:46,5,53,63,-42,22,-132,-79,-1343,-1743,26.2,527,0,
0,empty,527,5/8/16 15:46,4,53,63,31,19,-135,-72,-1332,-1749,26.2,528,0,
0,empty,528,5/8/16 15:46,4,52,63,-14,77,-95,-76,-1331,-1761,26.2,529,0,
0,empty,529,5/8/16 15:46,4,52,63,-30,37,-106,-80,-1339,-1748,26.1,530,0,
0,empty,530,5/8/16 15:46,5,53,63,-16,67,-115,-92,-1340,-1747,26.1,531,0,
0,empty,531,5/8/16 15:46,4,52,63,48,22,-135,-80,-1351,-1747,26.1,532,0,
0,empty,532,5/8/16 15:46,3,52,63,51,66,-123,-71,-1337,-1743,26.1,533,0,
0,empty,533,5/8/16 15:46,4,53,63,-18,52,-115,-85,-1336,-1748,26.1,534,0,
0,empty,534,5/8/16 15:47,5,52,63,13,42,-122,-92,-1341,-1748,26.1,535,0,
0,empty,535,5/8/16 15:47,5,52,63,30,36,-142,-76,-1338,-1744,26.1,536,0,
0,uncertain,536,5/8/16 15:47,4,52,64,-20,59,-134,-66,-1329,-1742,26.1,537,1,
0,empty,537,5/8/16 15:47,4,52,62,71,42,-105,-69,-1326,-1751,26.1,538,0,
0,empty,538,5/8/16 15:47,4,52,63,2,48,-131,-76,-1337,-1740,26,539,0,
0,empty,539,5/8/16 15:47,4,52,63,-41,74,-125,-78,-1327,-1745,26,540,0,
0,empty,540,5/8/16 15:47,4,52,63,-32,25,-144,-74,-1345,-1750,26,541,0,
0,empty,541,5/8/16 15:47,5,53,63,39,56,-125,-84,-1351,-1742,26,542,0,
0,empty,542,5/8/16 15:47,5,52,63,-6,65,-158,-79,-1334,-1757,26,543,0,
0,empty,543,5/8/16 15:47,4,52,63,20,11,-144,-82,-1349,-1748,26,544,0,
0,empty,544,5/8/16 15:47,4,52,63,45,39,-114,-79,-1336,-1751,25.9,545,0,
0,empty,545,5/8/16 15:47,4,53,63,34,52,-113,-69,-1352,-1749,25.9,546,0,
0,empty,546,5/8/16 15:47,4,53,63,-43,83,-123,-67,-1351,-1739,25.9,547,0,
0,empty,547,5/8/16 15:47,4,53,63,64,40,-113,-71,-1345,-1726,25.9,548,0,
0,empty,548,5/8/16 15:47,4,53,63,2,34,-129,-84,-1352,-1752,25.9,549,0,
0,empty,549,5/8/16 15:47,3,52,63,-10,35,-136,-86,-1327,-1744,25.9,550,0,
0,empty,550,5/8/16 15:47,4,53,63,-46,21,-165,-82,-1334,-1734,25.9,551,0,
0,empty,551,5/8/16 15:47,4,52,63,75,34,-112,-81,-1341,-1751,25.8,552,0,
0,empty,552,5/8/16 15:47,5,53,62,-2,62,-100,-78,-1339,-1739,25.8,553,0,
0,empty,553,5/8/16 15:47,4,52,63,-12,83,-102,-73,-1347,-1740,25.8,554,0,
0,empty,554,5/8/16 15:47,4,53,63,21,78,-110,-72,-1343,-1746,25.8,555,0,
0,empty,555,5/8/16 15:47,4,53,63,19,37,-135,-71,-1353,-1738,25.8,556,0,
0,empty,556,5/8/16 15:47,3,52,63,-4,62,-125,-74,-1339,-1746,25.8,557,0,
0,empty,557,5/8/16 15:47,5,53,63,-37,25,-136,-82,-1345,-1746,25.8,558,0,
0,empty,558,5/8/16 15:48,5,52,63,53,25,-148,-70,-1350,-1744,25.8,559,0,
0,empty,559,5/8/16 15:48,4,53,63,10,70,-113,-86,-1347,-1741,25.7,560,0,
0,empty,560,5/8/16 15:48,4,52,62,57,61,-115,-78,-1345,-1748,25.7,561,0,
0,empty,561,5/8/16 15:48,4,52,63,25,72,-101,-79,-1350,-1739,25.7,562,0,
0,empty,562,5/8/16 15:48,4,53,63,15,12,-158,-73,-1358,-1739,25.7,563,0,
0,empty,563,5/8/16 15:48,5,53,63,-77,42,-137,-72,-1344,-1747,25.7,564,0,
0,uncertain,564,5/8/16 15:48,4,53,64,47,33,-157,-85,-1346,-1750,25.7,565,1,
0,empty,565,5/8/16 15:48,4,53,63,-12,-9,-180,-83,-1346,-1745,25.7,566,0,
0,empty,566,5/8/16 15:48,4,52,63,19,12,-149,-81,-1348,-1744,25.7,567,0,
0,empty,567,5/8/16 15:48,4,53,63,46,60,-121,-64,-1354,-1738,25.6,568,0,
0,empty,568,5/8/16 15:48,4,52,63,-2,41,-120,-85,-1347,-1741,25.6,569,0,
0,empty,569,5/8/16 15:48,4,53,63,-8,65,-123,-75,-1344,-1753,25.6,570,0,
0,empty,570,5/8/16 15:48,5,53,63,-9,52,-127,-59,-1345,-1743,25.6,571,0,
0,empty,571,5/8/16 15:48,4,53,63,3,20,-175,-90,-1354,-1729,25.6,572,0,
0,empty,572,5/8/16 15:48,4,53,62,-10,34,-129,-84,-1350,-1739,25.6,573,0,
0,empty,573,5/8/16 15:48,4,53,63,32,47,-122,-84,-1352,-1730,25.6,574,0,
0,empty,574,5/8/16 15:48,5,53,63,4,51,-116,-89,-1346,-1745,25.5,575,0,
0,empty,575,5/8/16 15:48,4,53,63,-5,70,-112,-78,-1350,-1736,25.5,576,0,
0,empty,576,5/8/16 15:48,4,53,63,-36,50,-136,-78,-1334,-1742,25.5,577,0,
0,empty,577,5/8/16 15:48,4,53,63,14,42,-134,-76,-1332,-1737,25.5,578,0,
0,empty,578,5/8/16 15:48,4,53,63,2,12,-161,-85,-1350,-1745,25.5,579,0,
0,empty,579,5/8/16 15:48,4,53,62,-23,56,-129,-86,-1350,-1735,25.5,580,0,
0,empty,580,5/8/16 15:48,4,52,63,-8,22,-179,-84,-1348,-1739,25.4,581,0,
0,empty,581,5/8/16 15:48,4,53,63,6,20,-160,-77,-1346,-1735,25.4,582,0,
0,empty,582,5/8/16 15:49,3,53,63,-7,32,-143,-94,-1344,-1744,25.4,583,0,
0,empty,583,5/8/16 15:49,4,53,63,12,59,-135,-79,-1349,-1738,25.4,584,0,
0,empty,584,5/8/16 15:49,4,52,63,-8,24,-126,-80,-1356,-1740,25.4,585,0,
0,empty,585,5/8/16 15:49,4,53,63,12,39,-134,-82,-1355,-1744,25.3,586,0,
0,empty,586,5/8/16 15:49,4,53,62,4,28,-147,-83,-1341,-1754,25.3,587,0,
0,empty,587,5/8/16 15:49,4,52,62,-13,18,-156,-78,-1351,-1743,25.3,588,0,
0,empty,588,5/8/16 15:49,3,53,63,0,11,-167,-72,-1349,-1744,25.3,589,0,
0,empty,589,5/8/16 15:49,4,52,62,17,79,-162,-91,-1354,-1731,25.3,590,0,
0,empty,590,5/8/16 15:49,4,53,62,-2,35,-127,-72,-1347,-1747,25.3,591,0,
0,empty,591,5/8/16 15:49,4,53,62,5,59,-145,-78,-1347,-1744,25.3,592,0,
0,empty,592,5/8/16 15:49,4,53,63,-1,75,-129,-82,-1340,-1746,25.3,593,0,
0,empty,593,5/8/16 15:49,4,53,63,-2,63,-151,-81,-1342,-1748,25.3,594,0,
0,uncertain,594,5/8/16 15:49,7,59,64,-127,202,-264,80,-1360,-1690,25.3,595,1,
0,empty,595,5/8/16 15:49,4,53,62,8,29,-141,110,-1369,-1685,25.2,596,0,
0,empty,596,5/8/16 15:49,4,53,62,20,763,-1080,36,-1377,-1680,25.2,597,0,
0,empty,597,5/8/16 15:49,4,53,63,5,0,-143,-50,-1426,-1670,25.2,598,0,
0,empty,598,5/8/16 15:49,4,53,62,14,69,-112,-51,-1418,-1666,25.2,599,0,
0,empty,599,5/8/16 15:49,4,53,63,0,28,-123,-35,-1414,-1679,25.2,600,0,
0,empty,600,5/8/16 15:49,3,53,63,14,36,-129,-48,-1425,-1661,25.2,601,0,
0,empty,601,5/8/16 15:49,4,53,63,-10,25,-148,-40,-1413,-1663,25.2,602,0,
0,empty,602,5/8/16 15:49,4,53,63,3,32,-149,-52,-1418,-1674,25.2,603,0,
0,empty,603,5/8/16 15:49,4,53,62,67,10,-154,-41,-1424,-1677,25.2,604,0,
0,empty,604,5/8/16 15:49,4,53,63,-14,26,-135,-55,-1421,-1684,25.2,605,0,
0,empty,605,5/8/16 15:49,3,53,62,27,51,-181,-26,-1421,-1663,25.2,606,0,
0,empty,606,5/8/16 15:50,3,53,63,20,62,-130,-43,-1413,-1674,25.1,607,0,
0,empty,607,5/8/16 15:50,4,54,63,5,63,-117,-35,-1418,-1676,25.1,608,0,
0,empty,608,5/8/16 15:50,4,53,63,7,57,-122,-41,-1414,-1669,25.1,609,0,
0,empty,609,5/8/16 15:50,4,53,62,-5,60,-139,-49,-1413,-1687,25.1,610,0,
0,empty,610,5/8/16 15:50,3,53,62,9,17,-180,-45,-1417,-1679,25.1,611,0,
0,empty,611,5/8/16 15:50,4,53,63,3,18,-173,-49,-1427,-1667,25.1,612,0,
0,empty,612,5/8/16 15:50,3,53,62,-1,-2,-210,-36,-1425,-1669,25.1,613,0,
0,empty,613,5/8/16 15:50,4,52,63,-5,42,-222,-48,-1416,-1668,25.1,614,0,
0,empty,614,5/8/16 15:50,4,52,63,37,180,-338,-173,-1544,-1654,25.1,615,0,
0,empty,615,5/8/16 15:50,4,53,63,-7,-38,-3,-86,-1459,-1665,25.1,616,0,
0,empty,616,5/8/16 15:50,4,53,62,14,8,-139,-80,-1449,-1661,25,617,0,
0,empty,617,5/8/16 15:50,4,53,63,27,19,-151,-95,-1436,-1660,25,618,0,
0,empty,618,5/8/16 15:50,3,53,62,-18,10,-183,-86,-1437,-1661,25,619,0,
0,empty,619,5/8/16 15:50,4,53,62,-5,10,-171,-67,-1454,-1660,25,620,0,
0,empty,620,5/8/16 15:50,4,53,62,4,-26,-194,-86,-1440,-1665,25,621,0,
0,empty,621,5/8/16 15:50,4,53,63,12,-18,-202,-78,-1427,-1661,25,622,0,
0,empty,622,5/8/16 15:50,4,53,62,5,66,-135,-93,-1428,-1666,25,623,0,
0,empty,623,5/8/16 15:50,3,53,63,-13,37,-125,-55,-1443,-1658,25,624,0,
0,empty,624,5/8/16 15:50,4,53,62,13,26,-148,-77,-1446,-1661,25,625,0,
0,empty,625,5/8/16 15:50,4,53,62,-10,48,-147,-74,-1437,-1655,25,626,0,
0,empty,626,5/8/16 15:50,4,53,63,29,30,-144,-83,-1451,-1667,25,627,0,
0,empty,627,5/8/16 15:50,4,53,63,-9,9,-169,-78,-1438,-1655,25,628,0,
0,empty,628,5/8/16 15:50,4,53,63,-16,5,-196,-95,-1441,-1662,24.9,629,0,
0,empty,629,5/8/16 15:51,4,53,62,-13,54,-139,-80,-1436,-1675,24.9,630,0,
0,empty,630,5/8/16 15:51,4,53,63,7,45,-122,-88,-1449,-1661,24.9,631,0,
0,empty,631,5/8/16 15:51,4,53,63,-17,56,-132,-70,-1446,-1676,24.9,632,0,
0,empty,632,5/8/16 15:51,4,53,63,13,64,-149,-76,-1438,-1668,24.9,633,0,
0,empty,633,5/8/16 15:51,4,53,63,7,37,-143,-77,-1430,-1671,24.9,634,0,
0,empty,634,5/8/16 15:51,4,52,62,0,26,-129,-86,-1444,-1677,24.9,635,0,
0,empty,635,5/8/16 15:51,4,53,63,14,-22,-172,-89,-1447,-1669,24.9,636,0,
0,empty,636,5/8/16 15:51,4,53,62,14,-7,-190,-82,-1429,-1672,24.9,637,0,
0,empty,637,5/8/16 15:51,4,53,62,22,35,-208,-77,-1434,-1673,24.9,638,0,
0,empty,638,5/8/16 15:51,4,53,62,-1,25,-148,-91,-1429,-1676,24.9,639,0,
0,empty,639,5/8/16 15:51,4,53,62,17,57,-134,-98,-1432,-1671,24.9,640,0,
0,empty,640,5/8/16 15:51,4,53,62,25,44,-137,-98,-1448,-1670,24.9,641,0,
0,empty,641,5/8/16 15:51,4,53,62,-2,19,-172,-73,-1429,-1662,24.8,642,0,
0,empty,642,5/8/16 15:51,4,53,63,9,32,-143,-88,-1437,-1684,24.8,643,0,
0,empty,643,5/8/16 15:51,4,53,62,-7,6,-217,-82,-1447,-1674,24.8,644,0,
0,empty,644,5/8/16 15:51,3,54,62,23,-11,-167,-90,-1439,-1672,24.8,645,0,
0,empty,645,5/8/16 15:51,4,53,62,16,40,-155,-79,-1447,-1678,24.8,646,0,
0,empty,646,5/8/16 15:51,5,54,62,1,53,-134,-94,-1429,-1680,24.8,647,0,
0,empty,647,5/8/16 15:51,4,53,62,4,7,-181,-88,-1444,-1676,24.8,648,0,
0,empty,648,5/8/16 15:51,3,53,62,1,31,-153,-82,-1442,-1662,24.8,649,0,
0,empty,649,5/8/16 15:51,4,53,63,6,24,-155,-75,-1448,-1670,24.8,650,0,
0,empty,650,5/8/16 15:51,4,53,62,-1,43,-158,-75,-1442,-1667,24.8,651,0,
0,empty,651,5/8/16 15:51,4,53,62,-13,-12,-187,-86,-1434,-1659,24.8,652,0,
0,empty,652,5/8/16 15:52,3,53,63,-10,-12,-186,-71,-1443,-1648,24.8,653,0,
0,empty,653,5/8/16 15:52,5,53,62,12,35,-147,-79,-1444,-1656,24.8,654,0,
0,empty,654,5/8/16 15:52,4,53,63,8,20,-144,-84,-1437,-1656,24.8,655,0,
0,empty,655,5/8/16 15:52,4,53,62,22,50,-122,-71,-1447,-1651,24.7,656,0,
0,empty,656,5/8/16 15:52,4,53,63,-20,11,-160,-78,-1447,-1667,24.7,657,0,
0,empty,657,5/8/16 15:52,4,54,62,-14,20,-193,-80,-1455,-1671,24.7,658,0,
0,empty,658,5/8/16 15:52,3,53,62,9,0,-189,-82,-1441,-1665,24.7,659,0,
0,empty,659,5/8/16 15:52,4,54,62,-13,50,-130,-93,-1431,-1665,24.7,660,0,
0,empty,660,5/8/16 15:52,4,53,63,18,46,-151,-83,-1446,-1664,24.7,661,0,
0,empty,661,5/8/16 15:52,4,53,63,0,22,-156,-81,-1437,-1670,24.7,662,0,
0,empty,662,5/8/16 15:52,4,53,63,2,-61,10,-152,-1420,-1684,24.7,663,0,
0,empty,663,5/8/16 15:52,2,47,61,4462,-480,-1002,7,-1406,-1858,24.7,664,0,
0,uncertain,664,5/8/16 15:52,11,32,75,-69,47,-248,50,-1479,-1929,24.7,665,1,
0,uncertain,665,5/8/16 15:52,8,33,74,-28,7,-204,57,-1464,-1912,24.7,666,1,
0,uncertain,666,5/8/16 15:52,8,33,74,22,-18,-212,47,-1467,-1906,24.7,667,1,
0,uncertain,667,5/8/16 15:52,8,33,74,-7,11,-160,54,-1483,-1910,24.7,668,1,
0,uncertain,668,5/8/16 15:52,8,33,74,-24,46,-150,55,-1471,-1916,24.7,669,1,
0,uncertain,669,5/8/16 15:52,7,33,74,12,38,-126,38,-1492,-1907,24.8,670,1,
0,uncertain,670,5/8/16 15:52,9,34,74,-2,27,-131,51,-1472,-1909,24.8,671,1,
0,uncertain,671,5/8/16 15:52,8,33,74,-11,4,-171,48,-1481,-1901,24.8,672,1,
0,occupied,672,5/8/16 15:52,9,33,74,97,-22,-121,49,-1469,-1915,24.9,673,2,
0,occupied,673,5/8/16 15:52,8,33,74,17,-28,-162,47,-1476,-1905,24.9,674,2,
0,occupied,674,5/8/16 15:53,8,34,74,-23,23,-202,50,-1474,-1904,24.9,675,2,
0,occupied,675,5/8/16 15:53,8,33,74,38,7,-155,59,-1475,-1920,25,676,2,
0,occupied,676,5/8/16 15:53,8,33,74,-7,33,-122,51,-1468,-1903,25,677,2,
0,occupied,677,5/8/16 15:53,8,32,74,32,-31,-175,57,-1474,-1916,25,678,2,
0,occupied,678,5/8/16 15:53,8,33,73,35,68,-124,52,-1470,-1918,25.1,679,2,
0,occupied,679,5/8/16 15:53,8,33,73,42,-18,-160,52,-1467,-1922,25.1,680,2,
0,occupied,680,5/8/16 15:53,8,34,74,26,1,-214,48,-1467,-1923,25.2,681,2,
0,occupied,681,5/8/16 15:53,8,32,74,-17,3,-192,43,-1465,-1914,25.2,682,2,
0,occupied,682,5/8/16 15:53,8,32,73,15,21,-198,56,-1463,-1914,25.2,683,2,
0,occupied,683,5/8/16 15:53,8,34,74,16,63,-138,63,-1477,-1913,25.3,684,2,
0,occupied,684,5/8/16 15:53,9,33,74,3,16,-187,37,-1473,-1916,25.3,685,2,
0,occupied,685,5/8/16 15:53,7,32,74,6,49,-148,54,-1476,-1912,25.4,686,2,
0,occupied,686,5/8/16 15:53,8,34,74,-5,60,-143,54,-1465,-1906,25.5,687,2,
0,occupied,687,5/8/16 15:53,10,31,74,223,227,94,67,-1451,-1918,25.5,688,2,
0,occupied,688,5/8/16 15:53,13,31,74,-40,-49,-155,86,-1369,-1908,25.6,689,2,
0,occupied,689,5/8/16 15:53,8,33,74,66,105,-468,52,-1452,-1890,25.6,690,2,
0,occupied,690,5/8/16 15:53,8,34,74,23,62,-96,47,-1468,-1892,25.6,691,2,
0,occupied,691,5/8/16 15:53,9,33,74,-21,31,-181,57,-1440,-1894,25.7,692,2,
0,occupied,692,5/8/16 15:53,8,34,73,25,15,-125,55,-1448,-1897,25.7,693,2,
0,occupied,693,5/8/16 15:53,10,33,74,30,-61,-195,57,-1462,-1900,25.7,694,2,
0,occupied,694,5/8/16 15:53,9,33,73,-34,9,-187,52,-1462,-1900,25.8,695,2,
0,occupied,695,5/8/16 15:53,8,33,74,4,-8,-180,54,-1464,-1892,25.8,696,2,
0,occupied,696,5/8/16 15:53,8,33,74,-2,-14,-184,51,-1462,-1904,25.9,697,2,
0,uncertain,697,5/8/16 15:54,15,43,62,139,2559,-3500,-144,-2013,-1784,25.9,698,1,
0,occupied,698,5/8/16 15:54,5,49,65,88,188,-338,-53,-2154,-1830,25.9,699,2,
0,uncertain,699,5/8/16 15:54,4,50,63,-7,29,-126,-59,-2167,-1820,25.9,700,1,
0,occupied,700,5/8/16 15:54,4,51,64,35,40,-138,-64,-2156,-1817,26,701,2,
0,uncertain,701,5/8/16 15:54,4,51,63,-38,5,-155,-83,-2163,-1813,26,702,1,
0,uncertain,702,5/8/16 15:54,5,51,63,14,-7,-138,-77,-2175,-1810,26,703,1,
0,uncertain,703,5/8/16 15:54,4,52,63,-61,1,-181,-78,-2171,-1813,26,704,1,
0,occupied,704,5/8/16 15:54,4,51,64,45,-35,-188,-77,-2168,-1803,26,705,2,
0,uncertain,705,5/8/16 15:54,4,52,63,-57,31,-198,-81,-2158,-1802,26,706,1,
0,uncertain,706,5/8/16 15:54,5,51,63,27,7,-153,-90,-2167,-1808,26,707,1,
0,uncertain,707,5/8/16 15:54,5,52,63,64,41,-135,-72,-2155,-1816,26,708,1,
0,uncertain,708,5/8/16 15:54,4,52,63,-55,-6,-165,-81,-2162,-1806,26,709,1,
0,uncertain,709,5/8/16 15:54,4,52,63,92,38,-152,-90,-2164,-1805,26,710,1,
0,empty,710,5/8/16 15:54,3,53,63,-83,21,-149,-99,-2169,-1798,26,711,0,
0,empty,711,5/8/16 15:54,4,53,63,101,-21,-154,-91,-2161,-1804,26,712,0,
0,empty,712,5/8/16 15:54,4,53,63,-139,-7,-165,-93,-2162,-1796,26,713,0,
0,empty,713,5/8/16 15:54,5,52,63,-74,43,-142,-96,-2170,-1808,26,714,0,
0,empty,714,5/8/16 15:54,5,52,63,90,32,-140,-99,-2167,-1802,26,715,0,
0,empty,715,5/8/16 15:54,4,52,63,-99,47,-125,-86,-2160,-1811,26,716,0,
0,empty,716,5/8/16 15:54,5,52,63,126,21,-163,-90,-2168,-1808,26,717,0,
0,empty,717,5/8/16 15:54,3,53,63,-152,17,-126,-100,-2165,-1807,25.9,718,0,
0,empty,718,5/8/16 15:54,4,52,63,143,4,-172,-88,-2152,-1803,25.9,719,0,
0,empty,719,5/8/16 15:54,4,52,63,-134,-14,-181,-105,-2155,-1798,25.9,720,0,
0,uncertain,720,5/8/16 15:54,4,53,64,133,-18,-194,-94,-2156,-1802,25.9,721,1,
0,empty,721,5/8/16 15:55,5,53,62,20,41,-128,-92,-2172,-1808,25.9,722,0,
0,empty,722,5/8/16 15:55,5,53,62,12,41,-133,-97,-2162,-1803,25.9,723,0,
0,empty,723,5/8/16 15:55,4,52,63,27,15,-144,-88,-2165,-1809,25.8,724,0,
0,uncertain,724,5/8/16 15:55,25,53,68,1165,754,-1116,26,-2254,-1876,25.8,725,1,
0,empty,725,5/8/16 15:55,0,54,63,38,-361,363,350,-1204,-1946,25.8,726,0,
0,empty,726,5/8/16 15:55,5,52,63,48,-24,-142,291,-1198,-1902,25.8,727,0,
0,empty,727,5/8/16 15:55,5,52,63,-17,-17,-162,305,-1210,-1913,25.8,728,0,
0,empty,728,5/8/16 15:55,4,52,63,-17,48,-110,297,-1209,-1921,25.8,729,0,
0,empty,729,5/8/16 15:55,3,52,62,-153,-442,535,329,-1212,-1924,25.7,730,0,
0,empty,730,5/8/16 15:55,4,52,63,46,221,-330,356,-1215,-1958,25.7,731,0,
0,uncertain,731,5/8/16 15:55,8,61,57,532,7869,-10096,822,-1750,-2330,25.7,732,1,
0,empty,732,5/8/16 15:55,4,51,63,-41,40,-125,380,-1210,-1961,25.7,733,0,
0,empty,733,5/8/16 15:55,4,51,63,35,-4,-151,374,-1214,-1966,25.7,734,0,
0,uncertain,734,5/8/16 15:55,3,52,65,15,-68,-32,396,-1218,-1978,25.7,735,1,
0,empty,735,5/8/16 15:55,5,53,62,-33,-621,619,-269,-1645,-1661,25.6,736,0,
0,empty,736,5/8/16 15:55,4,52,62,75,-40,-37,-283,-1701,-1657,25.6,737,0,
0,empty,737,5/8/16 15:55,4,52,62,-10,-61,-18,-272,-1668,-1647,25.6,738,0,
0,empty,738,5/8/16 15:55,4,52,62,63,26,-124,-265,-1667,-1639,25.6,739,0,
0,empty,739,5/8/16 15:55,3,53,62,-235,23,-125,-273,-1641,-1642,25.6,740,0,
0,uncertain,740,5/8/16 15:55,10,85,37,-561,-14890,18658,-286,-1822,-1658,25.6,741,1,
0,empty,741,5/8/16 15:55,4,55,61,-192,-4002,4922,-169,-1458,-1667,25.5,742,0,
0,uncertain,742,5/8/16 15:55,4,61,55,-364,-7589,9371,-126,-1416,-1682,25.5,743,1,
0,uncertain,743,5/8/16 15:55,6,67,54,-321,-9141,11464,-255,-1933,-1676,25.5,744,1,
0,empty,744,5/8/16 15:56,1,53,63,-54,-2567,3143,806,-1698,-2313,25.4,745,0,
0,empty,745,5/8/16 15:56,1,60,58,-350,-6801,8425,740,-1465,-2237,25.4,746,0,
0,uncertain,746,5/8/16 15:56,3,64,56,-591,-8110,10098,254,-1208,-1871,25.4,747,1,
0,uncertain,747,5/8/16 15:56,0,62,56,-1273,-8324,10277,568,-1311,-2123,25.4,748,1,
0,uncertain,748,5/8/16 15:56,11,69,49,-494,-11188,13912,42,-1291,-1742,25.3,749,1,
0,uncertain,749,5/8/16 15:56,6,61,55,-310,-8269,10250,761,-1555,-2278,25.3,750,1,
0,uncertain,750,5/8/16 15:56,10,58,55,-448,-8096,10046,715,-1470,-2253,25.3,751,1,
0,empty,751,5/8/16 15:56,0,55,62,82,895,-1250,-201,-1490,-1662,25.3,752,0,
0,empty,752,5/8/16 15:56,5,53,63,4,-93,14,-291,-1740,-1647,25.3,753,0,
0,empty,753,5/8/16 15:56,4,53,62,53,313,-501,-302,-1759,-1649,25.2,754,0,
0,empty,754,5/8/16 15:56,3,53,62,24,40,-202,-288,-1766,-1656,25.2,755,0,
0,empty,755,5/8/16 15:56,4,54,62,23,40,-172,-293,-1771,-1659,25.2,756,0,
0,empty,756,5/8/16 15:56,5,53,62,2,-9,-153,-283,-1782,-1652,25.2,757,0,
0,empty,757,5/8/16 15:56,4,54,63,-9,-11,-166,-297,-1784,-1652,25.2,758,0,
0,empty,758,5/8/16 15:56,4,54,62,-3,-24,-192,-292,-1771,-1664,25.2,759,0,
0,empty,759,5/8/16 15:56,4,53,63,18,29,-138,-291,-1778,-1645,25.2,760,0,
0,empty,760,5/8/16 15:56,4,59,62,45,4615,-5783,181,-2304,-1961,25.1,761,0,
0,empty,761,5/8/16 15:56,3,53,62,-104,-305,272,15,-2275,-1844,25.1,762,0,
0,uncertain,762,5/8/16 15:56,1,65,52,95,-9967,12005,810,-1776,-2327,25.1,763,1,
0,empty,763,5/8/16 15:56,2,54,62,55,149,-295,-147,-2174,-1746,25.1,764,0,
0,empty,764,5/8/16 15:56,2,54,62,-32,-105,52,-141,-2161,-1749,25.1,765,0,
0,empty,765,5/8/16 15:56,2,54,62,-23,15,-209,-145,-2168,-1740,25.1,766,0,
0,empty,766,5/8/16 15:56,2,54,62,-3,-9,-231,-139,-2168,-1747,25.1,767,0,
0,empty,767,5/8/16 15:56,1,53,63,0,102,-200,-130,-2173,-1743,25,768,0,
0,empty,768,5/8/16 15:56,1,54,62,22,-6,-83,-136,-2190,-1758,25,769,0,
0,empty,769,5/8/16 15:57,2,54,62,16,39,-151,-127,-2185,-1755,25,770,0,
0,empty,770,5/8/16 15:57,1,53,62,6,50,-143,-126,-2179,-1754,25,771,0,
0,empty,771,5/8/16 15:57,2,53,62,-20,42,-161,-131,-2187,-1754,25,772,0,
0,empty,772,5/8/16 15:57,1,54,62,3,-123,48,-118,-2174,-1753,25,773,0,
0,empty,773,5/8/16 15:57,3,54,62,51,6,-165,-132,-2175,-1758,25,774,0,
0,empty,774,5/8/16 15:57,2,54,62,145,411,-374,-121,-2200,-1770,25,775,0,
0,empty,775,5/8/16 15:57,2,52,63,16,47,-136,-94,-2182,-1792,24.9,776,0,
0,empty,776,5/8/16 15:57,2,52,63,10,16,-172,-100,-2198,-1799,24.9,777,0,
0,uncertain,777,5/8/16 15:57,2,53,64,161,79,-141,-95,-2191,-1803,24.9,778,1,
0,empty,778,5/8/16 15:57,4,51,63,-72,-118,13,-88,-2180,-1800,24.9,779,0,
0,empty,779,5/8/16 15:57,3,53,62,-24,35,-184,-84,-2197,-1805,24.9,780,0,
0,empty,780,5/8/16 15:57,3,52,63,-8,-11,-231,-82,-2205,-1808,24.9,781,0,
0,uncertain,781,5/8/16 15:57,3,51,64,-69,-41,-221,10,-2254,-1869,24.9,782,1,
0,uncertain,782,5/8/16 15:57,3,51,64,-151,-32,-174,2,-2254,-1873,24.9,783,1,
0,empty,783,5/8/16 15:57,2,52,63,1,32,-154,8,-2247,-1863,24.8,784,0,
0,empty,784,5/8/16 15:57,1,54,62,88,4,-224,-35,-2238,-1832,24.8,785,0,
0,empty,785,5/8/16 15:57,1,53,63,41,46,-205,-26,-2239,-1845,24.8,786,0,
0,empty,786,5/8/16 15:57,3,52,63,22,32,-163,-5,-2241,-1857,24.8,787,0,
0,uncertain,787,5/8/16 15:57,2,54,64,-365,293,-619,-19,-2252,-1840,24.8,788,1,
0,uncertain,788,5/8/16 15:57,2,51,64,0,-28,-184,17,-2249,-1871,24.8,789,1,
0,uncertain,789,5/8/16 15:57,3,50,64,-13,-16,-222,13,-2250,-1868,24.8,790,1,
0,uncertain,790,5/8/16 15:58,3,51,64,-90,39,-142,15,-2247,-1870,24.8,791,1,
0,uncertain,791,5/8/16 15:58,3,51,64,-43,20,-187,13,-2256,-1867,24.7,792,1,
0,uncertain,792,5/8/16 15:58,2,51,64,26,153,-339,7,-2233,-1851,24.7,793,1,
0,uncertain,793,5/8/16 15:58,2,53,64,109,97,-287,9,-2252,-1865,24.7,794,1,
0,uncertain,794,5/8/16 15:58,2,51,64,24,30,-172,9,-2235,-1862,24.7,795,1,
0,uncertain,795,5/8/16 15:58,2,51,65,-3,6,-190,8,-2237,-1855,24.7,796,1,
0,uncertain,796,5/8/16 15:58,3,51,64,-13,7,-181,1,-2238,-1850,24.7,797,1,
0,uncertain,797,5/8/16 15:58,3,51,65,11,29,-156,-5,-2257,-1859,24.7,798,1,
0,uncertain,798,5/8/16 15:58,3,50,65,-121,-52,5,3,-2244,-1859,24.7,799,1,
0,uncertain,799,5/8/16 15:58,2,51,65,10,38,-136,5,-2239,-1863,24.7,800,1,
0,uncertain,800,5/8/16 15:58,3,53,65,239,39,-116,-13,-2248,-1848,24.7,801,1,
0,empty,801,5/8/16 15:58,3,54,61,0,-8,-189,-13,-2269,-1826,24.6,802,0,
0,empty,802,5/8/16 15:58,3,54,61,-19,-102,-46,-28,-2256,-1831,24.6,803,0,
0,empty,803,5/8/16 15:58,3,54,62,-16,-27,-23,-38,-2271,-1820,24.6,804,0,
0,empty,804,5/8/16 15:58,3,54,61,-23,60,52,-118,-2176,-1749,24.6,805,0,
0,uncertain,805,5/8/16 15:58,2,33,74,40,414,-1083,-42,-1685,-1883,24.6,806,1,
0,uncertain,806,5/8/16 15:58,3,33,73,12,1,-355,-44,-1808,-1890,24.6,807,1,
0,uncertain,807,5/8/16 15:59,3,33,73,13,-12,-184,-38,-1827,-1891,24.7,808,1,
0,occupied,808,5/8/16 15:59,4,34,73,71,76,-438,-27,-1848,-1892,24.8,809,2,
0,occupied,809,5/8/16 15:59,1,33,74,36,69,-202,-24,-1845,-1912,24.8,810,2,
0,occupied,810,5/8/16 15:59,2,33,74,-18,-8,-176,-29,-1844,-1910,24.8,811,2,
0,occupied,811,5/8/16 15:59,2,33,74,0,41,-183,-24,-1854,-1886,24.9,812,2,
0,occupied,812,5/8/16 15:59,0,33,74,25,198,-271,-43,-1819,-1921,25,813,2,
0,occupied,813,5/8/16 15:59,3,33,74,-4,-18,-166,-35,-1835,-1911,25.1,814,2,
0,occupied,814,5/8/16 15:59,5,33,74,-43,9,-143,-26,-1780,-1896,25.3,815,2,
0,occupied,815,5/8/16 15:59,7,34,74,-12,-12,-194,-30,-1772,-1892,25.7,816,2,
0,occupied,816,5/8/16 15:59,6,34,73,10,1,-163,-28,-1755,-1890,25.9,817,2,
0,occupied,817,5/8/16 15:59,5,34,74,52,17,-250,-42,-1759,-1887,26,818,2,
0,occupied,818,5/8/16 16:00,5,34,74,-57,-92,-109,-41,-1773,-1867,26,819,2,
0,occupied,819,5/8/16 16:00,6,35,73,22,16,-110,-37,-1755,-1875,26.1,820,2,
0,occupied,820,5/8/16 16:00,7,34,75,-20,-3,-142,-41,-1778,-1882,26.2,821,2,
0,occupied,821,5/8/16 16:00,6,35,74,-3,-8,-175,-38,-1764,-1873,26.2,822,2,
0,occupied,822,5/8/16 16:00,6,34,74,-1,-23,-183,-27,-1759,-1884,26.3,823,2,
0,occupied,823,5/8/16 16:00,7,34,74,18,172,-391,-34,-1773,-1867,26.4,824,2,
0,occupied,824,5/8/16 16:00,7,34,73,-24,-51,-189,-30,-1763,-1878,26.5,825,2,
0,occupied,825,5/8/16 16:00,7,34,73,-11,22,-123,-32,-1771,-1887,26.5,826,2,
0,occupied,826,5/8/16 16:00,7,35,73,1,52,-127,-32,-1754,-1878,26.6,827,2,
0,occupied,827,5/8/16 16:00,6,34,73,-30,-22,-173,-50,-1760,-1889,26.6,828,2,
0,occupied,828,5/8/16 16:00,7,34,74,10,21,-109,-26,-1755,-1897,26.7,829,2,
0,occupied,829,5/8/16 16:00,6,34,74,0,47,-200,-35,-1764,-1891,26.7,830,2,
0,occupied,830,5/8/16 16:00,7,34,74,14,-6,-186,-51,-1751,-1884,26.8,831,2,
0,occupied,831,5/8/16 16:00,7,34,74,2,1,-143,-32,-1762,-1879,26.8,832,2,
0,occupied,832,5/8/16 16:00,6,35,74,-23,38,-109,-41,-1749,-1877,26.9,833,2,
0,occupied,833,5/8/16 16:00,6,34,73,10,39,-149,-30,-1753,-1879,26.9,834,2,
0,occupied,834,5/8/16 16:01,7,34,73,-19,8,-121,-47,-1751,-1876,27,835,2,